{
  "train_losses": [
    0.39600864631225113,
    0.0928993549809527,
    0.06291860537821932,
    0.04914967979399809,
    0.04028265562696831,
    0.03490567334872017,
    0.030876473481106614,
    0.02701985338074304,
    0.024501939730987802,
    0.022599760886634946
  ],
  "train_accs": [
    89.18166666666667,
    97.475,
    98.29,
    98.66,
    98.92166666666667,
    99.08,
    99.22666666666667,
    99.355,
    99.36166666666666,
    99.45
  ],
  "test_losses": [
    0.1243657073581437,
    0.06308950564029157,
    0.04857828620425277,
    0.046296451680857546,
    0.04272765760008946,
    0.03560944941342707,
    0.036711877347437284,
    0.035779482398903634,
    0.034118859911388286,
    0.03313956049565303
  ],
  "test_accs": [
    96.28,
    98.11,
    98.48,
    98.47,
    98.73,
    98.85,
    98.78,
    98.84,
    98.87,
    98.89
  ],
  "best_test_acc": 98.89,
  "label": "Avg+SGD+Tanh (\u539f\u8bba\u6587)",
  "seed": 42
}