{
  "train_losses": [
    0.44109450147223117,
    0.0859691396480732,
    0.059432584473908916,
    0.04572972799835008,
    0.03914493110330243,
    0.034135970704407416,
    0.029490570397997923,
    0.025414201730950627,
    0.022192327107718863,
    0.019662661381365694
  ],
  "train_accs": [
    87.47,
    97.69,
    98.47333333333333,
    98.835,
    99.03,
    99.17333333333333,
    99.295,
    99.40166666666667,
    99.47666666666667,
    99.55833333333334
  ],
  "test_losses": [
    0.1138726838324575,
    0.05563132429442066,
    0.046289033461866344,
    0.04964638012461364,
    0.042428423027889094,
    0.03416822512339723,
    0.03442733510728083,
    0.03284111264911421,
    0.03429199786362561,
    0.038130374466273695
  ],
  "test_accs": [
    96.53,
    98.3,
    98.49,
    98.42,
    98.58,
    98.82,
    98.79,
    98.95,
    98.84,
    98.78
  ],
  "best_test_acc": 98.95,
  "label": "3FC+SGD+Tanh (FC\u6df1\u5ea6)",
  "seed": 42
}