{
  "train_losses": [
    0.33062337202303954,
    0.07087062480154513,
    0.05088119957693366,
    0.04024600187628798,
    0.03272563687164281,
    0.027519132880650873,
    0.02297003700308301,
    0.01940645096271407,
    0.016519156418607208,
    0.014607994331523273
  ],
  "train_accs": [
    91.13833333333334,
    98.09,
    98.68833333333333,
    98.95666666666666,
    99.19,
    99.32666666666667,
    99.44166666666666,
    99.57833333333333,
    99.64666666666666,
    99.685
  ],
  "test_losses": [
    0.07568808699436011,
    0.05741541814147999,
    0.042090109590245235,
    0.04562051236669527,
    0.04179485625799472,
    0.03621112456405091,
    0.0349685886000197,
    0.03637029815692852,
    0.03808440726647483,
    0.033421801944829785
  ],
  "test_accs": [
    97.66,
    98.1,
    98.57,
    98.49,
    98.65,
    98.76,
    98.8,
    98.79,
    98.82,
    98.89
  ],
  "best_test_acc": 98.89
}