{
  "train_losses": [
    0.3366888832312816,
    0.07093519450667729,
    0.049821107360501604,
    0.03940369925813686,
    0.03216618932446024,
    0.026846442326306622,
    0.022445228728857923,
    0.019054257088459467,
    0.015905162320937218,
    0.013501466524827956
  ],
  "train_accs": [
    90.88666666666667,
    98.03,
    98.67,
    98.97833333333334,
    99.2,
    99.36,
    99.49333333333334,
    99.59666666666666,
    99.66,
    99.74833333333333
  ],
  "test_losses": [
    0.08058255189246717,
    0.04870435781554455,
    0.04038784577686245,
    0.03830941865713021,
    0.03756276345040625,
    0.032323752814098584,
    0.03471412875266541,
    0.0385498930277469,
    0.034946480466743965,
    0.03467003090987812
  ],
  "test_accs": [
    97.56,
    98.61,
    98.68,
    98.72,
    98.69,
    98.93,
    98.79,
    98.75,
    98.89,
    98.82
  ],
  "best_test_acc": 98.93
}