{
  "train_losses": [
    0.4067951069791307,
    0.08058366121333052,
    0.056169642205250815,
    0.04278681730925501,
    0.03483200843075736,
    0.029381751557962268,
    0.024450539717518253,
    0.022213855419581735,
    0.0190608938986681,
    0.0165437684017869
  ],
  "train_accs": [
    88.08333333333333,
    97.91166666666666,
    98.52833333333334,
    98.95333333333333,
    99.16,
    99.29333333333334,
    99.41833333333334,
    99.50166666666667,
    99.59,
    99.65166666666667
  ],
  "test_losses": [
    0.07831346987176444,
    0.057102684830749185,
    0.04005330342054775,
    0.03694623185715703,
    0.04993083080301687,
    0.040650145183335436,
    0.03589264739012677,
    0.03341864872693625,
    0.0279616896745222,
    0.03218963639315267
  ],
  "test_accs": [
    97.54,
    98.1,
    98.73,
    98.82,
    98.36,
    98.6,
    98.87,
    98.89,
    99.12,
    99.01
  ],
  "best_test_acc": 99.12,
  "label": "Avg+SGD+ReLU (\u6c60\u5316\u5bf9\u7167)",
  "seed": 123
}