{
  "train_losses": [
    0.4677303318164623,
    0.09336663866296474,
    0.06393424067164717,
    0.05079764549457617,
    0.04144992204574145,
    0.03467898412487472,
    0.030408922144507706,
    0.026029241824786224,
    0.023953287357826585,
    0.020263809558085558
  ],
  "train_accs": [
    86.615,
    97.54333333333334,
    98.34333333333333,
    98.65,
    98.93833333333333,
    99.14,
    99.25666666666666,
    99.39166666666667,
    99.44166666666666,
    99.515
  ],
  "test_losses": [
    0.11586225013527426,
    0.06927633233246791,
    0.04924273312797734,
    0.04705761057016244,
    0.04277169530147948,
    0.03852668792383069,
    0.033609660612241285,
    0.04311338928898879,
    0.03635728029301761,
    0.04229710600292533
  ],
  "test_accs": [
    96.49,
    97.88,
    98.37,
    98.48,
    98.67,
    98.83,
    98.95,
    98.69,
    98.88,
    98.78
  ],
  "best_test_acc": 98.95,
  "label": "3FC+SGD+Tanh (FC\u6df1\u5ea6)",
  "seed": 123
}