{
  "train_losses": [
    0.4448665914369989,
    0.07716588548961471,
    0.0527197582925087,
    0.04119297042286752,
    0.035480420118656264,
    0.029243667018418608,
    0.023699943649782135,
    0.020913868026316677,
    0.01728369931933868,
    0.015960267602565272
  ],
  "train_accs": [
    86.89166666666667,
    98.00666666666666,
    98.69333333333333,
    98.99833333333333,
    99.14666666666666,
    99.305,
    99.44833333333334,
    99.57166666666667,
    99.66833333333334,
    99.67666666666666
  ],
  "test_losses": [
    0.0733233900169047,
    0.048583683709444915,
    0.04430852267160514,
    0.04691776055338419,
    0.04415795758953667,
    0.03283261742204547,
    0.03476964232803749,
    0.03460903056697088,
    0.029893040493363377,
    0.030076911827146797
  ],
  "test_accs": [
    97.53,
    98.5,
    98.55,
    98.51,
    98.58,
    98.94,
    98.86,
    98.93,
    99.03,
    99.03
  ],
  "best_test_acc": 99.03,
  "label": "Avg+SGD+ReLU (\u6c60\u5316\u5bf9\u7167)",
  "seed": 456
}