{
  "train_losses": [
    0.5044784397065544,
    0.09181682924295205,
    0.0611993071577474,
    0.047434955935623406,
    0.039593587231599905,
    0.03469886859483731,
    0.02941415295762413,
    0.024889192223347335,
    0.02183699022685272,
    0.019900340378054354
  ],
  "train_accs": [
    85.735,
    97.56,
    98.38833333333334,
    98.785,
    98.99666666666667,
    99.13833333333334,
    99.27,
    99.42666666666666,
    99.46333333333334,
    99.52833333333334
  ],
  "test_losses": [
    0.11669132794152684,
    0.0784414929699651,
    0.05010882122101037,
    0.042255117448571786,
    0.036810045528179625,
    0.051525701470984515,
    0.028822199640955753,
    0.03643610981538829,
    0.03202445131485947,
    0.037600994973675535
  ],
  "test_accs": [
    96.45,
    97.62,
    98.33,
    98.63,
    98.76,
    98.41,
    99.01,
    98.85,
    98.94,
    98.91
  ],
  "best_test_acc": 99.01,
  "label": "3FC+SGD+Tanh (FC\u6df1\u5ea6)",
  "seed": 456
}