{
  "train_losses": [
    0.37342516515058466,
    0.08001917005200852,
    0.05557533962166072,
    0.043791999921762643,
    0.03428336369316292,
    0.02966378316794436,
    0.02487630785594241,
    0.021671192764956094,
    0.01864506522064973,
    0.016297420289294276
  ],
  "train_accs": [
    89.04833333333333,
    97.92333333333333,
    98.58333333333333,
    98.90833333333333,
    99.16666666666667,
    99.31833333333333,
    99.43166666666667,
    99.53666666666666,
    99.61,
    99.66666666666667
  ],
  "test_losses": [
    0.0957809582480176,
    0.05264635537684284,
    0.05715672870210719,
    0.044426032581937926,
    0.03687432568244006,
    0.03644078781113062,
    0.04003868591394021,
    0.03482949944305037,
    0.04442569748987657,
    0.04119037203115872
  ],
  "test_accs": [
    96.87,
    98.22,
    98.17,
    98.44,
    98.8,
    98.79,
    98.64,
    98.91,
    98.82,
    98.8
  ],
  "best_test_acc": 98.91,
  "label": "Avg+SGD+ReLU (\u6c60\u5316\u5bf9\u7167)",
  "seed": 42
}