{
  "train_losses": [
    0.3368252678009779,
    0.0948403594560667,
    0.06532575158692246,
    0.052756946684836326,
    0.04508192617712276,
    0.03871855817237265,
    0.034691753231663146,
    0.031236700481176178,
    0.02794564582272443,
    0.025785892053312665
  ],
  "train_accs": [
    90.88166666666666,
    97.315,
    98.115,
    98.55666666666667,
    98.8,
    98.95166666666667,
    99.07333333333334,
    99.18,
    99.285,
    99.32833333333333
  ],
  "test_losses": [
    0.11092128011451405,
    0.06467430773532243,
    0.05781545202992263,
    0.04024628007556104,
    0.0395394413723465,
    0.036741501071110697,
    0.030563130356544913,
    0.02931222934157226,
    0.02833986694900064,
    0.028490632381536745
  ],
  "test_accs": [
    96.63,
    97.98,
    98.12,
    98.67,
    98.73,
    98.88,
    99.05,
    99.05,
    99.05,
    99.03
  ],
  "best_test_acc": 99.05,
  "label": "1FC+SGD+Tanh (FC\u6df1\u5ea6)",
  "seed": 123
}