{
  "train_losses": [
    0.3390719291370815,
    0.09887754948519821,
    0.06809407908286748,
    0.05404739793532018,
    0.045713188785211696,
    0.03993542617865042,
    0.03554646309496445,
    0.03201060197209375,
    0.02909546115732035,
    0.026964200430113806
  ],
  "train_accs": [
    90.85166666666667,
    97.21333333333334,
    98.07,
    98.55666666666667,
    98.71166666666667,
    98.88166666666666,
    99.07833333333333,
    99.17166666666667,
    99.25833333333334,
    99.30666666666667
  ],
  "test_losses": [
    0.1197964904005313,
    0.0672501745592257,
    0.050258332178305096,
    0.045180741226327294,
    0.04068964118231384,
    0.03427797994371741,
    0.03283658626401845,
    0.030244586257887618,
    0.028632564032131474,
    0.028353899993446573
  ],
  "test_accs": [
    96.33,
    98.01,
    98.28,
    98.68,
    98.58,
    98.94,
    98.8,
    98.93,
    99.12,
    99.04
  ],
  "best_test_acc": 99.12,
  "label": "1FC+SGD+Tanh (FC\u6df1\u5ea6)",
  "seed": 42
}