{
  "train_losses": [
    0.24792926346482053,
    0.07430445941945495,
    0.05074633033757509,
    0.03840299191718885,
    0.032064421997735224,
    0.02602672938921197,
    0.020259070754536975,
    0.019187531782749064,
    0.015775067199352084,
    0.014246481142135517
  ],
  "train_accs": [
    93.565,
    98.12666666666667,
    98.835,
    99.155,
    99.29,
    99.495,
    99.685,
    99.68666666666667,
    99.795,
    99.825
  ],
  "test_losses": [
    0.09374219149345188,
    0.05808387733298905,
    0.046651356380839185,
    0.05253925667905136,
    0.046983504016564086,
    0.037523643881958245,
    0.03590543322063275,
    0.038958129477294184,
    0.041690534030998504,
    0.03956516386027549
  ],
  "test_accs": [
    97.05,
    98.14,
    98.4,
    98.29,
    98.46,
    98.79,
    98.81,
    98.78,
    98.59,
    98.8
  ],
  "best_test_acc": 98.81,
  "label": "Avg+Adam+Tanh (\u6c60\u5316\u5bf9\u7167)",
  "seed": 456
}