{
  "train_losses": [
    0.354945348577697,
    0.07133763343858313,
    0.050663307637297934,
    0.03980235247051161,
    0.0332829044885568,
    0.026901038671245,
    0.02254030885744412,
    0.01885003587682801,
    0.01563415843389009,
    0.01326877036525844
  ],
  "train_accs": [
    90.34833333333333,
    98.05833333333334,
    98.69166666666666,
    98.95833333333333,
    99.14833333333333,
    99.35,
    99.455,
    99.57833333333333,
    99.69,
    99.74333333333334
  ],
  "test_losses": [
    0.08538618090022711,
    0.0479952698658001,
    0.04373378980872192,
    0.04168934646769943,
    0.042318838956034714,
    0.03894154839165758,
    0.044247230325338345,
    0.03984324235287806,
    0.03614256899993144,
    0.03963052310497399
  ],
  "test_accs": [
    97.42,
    98.45,
    98.41,
    98.6,
    98.63,
    98.76,
    98.65,
    98.65,
    98.8,
    98.75
  ],
  "best_test_acc": 98.8
}