{
  "train_losses": [
    0.3560618723053604,
    0.10157853015847425,
    0.0687823695366952,
    0.055041450335940066,
    0.04695392610641248,
    0.040904172129486244,
    0.036727187866250725,
    0.03277817915646987,
    0.03051937257826104,
    0.027509745655219946
  ],
  "train_accs": [
    90.31833333333333,
    97.13333333333334,
    98.045,
    98.465,
    98.71,
    98.86833333333334,
    99.0,
    99.11333333333333,
    99.19333333333333,
    99.28666666666666
  ],
  "test_losses": [
    0.12169366391007877,
    0.0716121422236631,
    0.05518223408900296,
    0.046512590223333095,
    0.04103408688119506,
    0.03784128136589536,
    0.03718332304190296,
    0.036933673007946144,
    0.032483660833054415,
    0.031249671356302425
  ],
  "test_accs": [
    96.36,
    97.79,
    98.2,
    98.49,
    98.57,
    98.82,
    98.65,
    98.82,
    98.92,
    98.91
  ],
  "best_test_acc": 98.92,
  "label": "1FC+SGD+Tanh (FC\u6df1\u5ea6)",
  "seed": 456
}