{
  "train_losses": [
    0.3882113004814206,
    0.09153358236368277,
    0.06398756900650344,
    0.05124036081036978,
    0.04275994413623662,
    0.03668458511998782,
    0.031647598359119226,
    0.027934801129342268,
    0.024573545345774928,
    0.02153426368016132
  ],
  "train_accs": [
    89.46166666666667,
    97.50666666666666,
    98.24166666666666,
    98.63,
    98.83666666666667,
    99.01666666666667,
    99.16333333333333,
    99.26,
    99.38166666666666,
    99.46333333333334
  ],
  "test_losses": [
    0.10777689359939782,
    0.06106062130083087,
    0.04419662253145176,
    0.04115936017942253,
    0.04034822530136888,
    0.036389328602584266,
    0.033156253015407464,
    0.03580109629927242,
    0.03210790628036425,
    0.03143574060287525
  ],
  "test_accs": [
    96.57,
    98.02,
    98.57,
    98.64,
    98.6,
    98.74,
    98.96,
    98.83,
    98.87,
    98.93
  ],
  "best_test_acc": 98.96,
  "label": "Avg+SGD+Tanh (\u539f\u8bba\u6587)",
  "seed": 123
}