{
  "train_losses": [
    0.24139880754355428,
    0.06916334741721068,
    0.05065696927155854,
    0.03907261222071235,
    0.031899298005216105,
    0.027609139714558334,
    0.024050512382588627,
    0.018375652633780645,
    0.018535381689312312,
    0.01432130674386386
  ],
  "train_accs": [
    93.82666666666667,
    98.29166666666667,
    98.79,
    99.11333333333333,
    99.34666666666666,
    99.45666666666666,
    99.55166666666666,
    99.70666666666666,
    99.71666666666667,
    99.80166666666666
  ],
  "test_losses": [
    0.08658361958583022,
    0.05211938825209038,
    0.04564991787540916,
    0.04481693145661069,
    0.04903826527823961,
    0.04014521398925249,
    0.03987890428801921,
    0.05530050122661992,
    0.039210426333136254,
    0.03900331115513906
  ],
  "test_accs": [
    97.32,
    98.4,
    98.63,
    98.61,
    98.55,
    98.81,
    98.7,
    98.34,
    98.9,
    98.88
  ],
  "best_test_acc": 98.9,
  "label": "Avg+Adam+Tanh (\u6c60\u5316\u5bf9\u7167)",
  "seed": 42
}