{
  "train_losses": [
    0.4100269990435033,
    0.1063455032127133,
    0.06839854245497061,
    0.051660012932611445,
    0.04273996593766729,
    0.036420014031208564,
    0.030921748233661214,
    0.02740368067202762,
    0.023944676121900866,
    0.021755018073612197
  ],
  "train_accs": [
    88.7,
    96.98666666666666,
    98.14166666666667,
    98.61166666666666,
    98.845,
    99.07333333333334,
    99.225,
    99.295,
    99.39666666666666,
    99.465
  ],
  "test_losses": [
    0.13208485648605475,
    0.07176491216264048,
    0.0547157340723084,
    0.04742657852723933,
    0.04672444192192126,
    0.03215685954364165,
    0.03828664162912877,
    0.03436867315299916,
    0.03315905019391408,
    0.03627523371655417
  ],
  "test_accs": [
    95.89,
    97.66,
    98.17,
    98.39,
    98.45,
    98.87,
    98.67,
    98.78,
    98.91,
    98.99
  ],
  "best_test_acc": 98.99,
  "label": "Avg+SGD+Tanh (\u539f\u8bba\u6587)",
  "seed": 456
}