{
  "train_losses": [
    0.2414593464647259,
    0.07100230468554236,
    0.05172280097099295,
    0.03912919658774347,
    0.032244464279083444,
    0.027242048774713847,
    0.022702299536819924,
    0.0202143095707499,
    0.017426333400291275,
    0.015024721009828308
  ],
  "train_accs": [
    93.82166666666667,
    98.225,
    98.77333333333333,
    99.125,
    99.29666666666667,
    99.455,
    99.56833333333333,
    99.645,
    99.725,
    99.75833333333334
  ],
  "test_losses": [
    0.08090239127795361,
    0.053198048417830164,
    0.043407466169891606,
    0.04097145364316148,
    0.05242882037845256,
    0.040541778985654885,
    0.03970491043161297,
    0.04060561133695619,
    0.0438431905969795,
    0.037636888075490545
  ],
  "test_accs": [
    97.34,
    98.32,
    98.43,
    98.72,
    98.33,
    98.59,
    98.72,
    98.76,
    98.56,
    98.82
  ],
  "best_test_acc": 98.82,
  "label": "Avg+Adam+Tanh (\u6c60\u5316\u5bf9\u7167)",
  "seed": 123
}